{"cameraMode":{"drawMode":0,"name":"Shaded","section":"Shading Mode"},"sceneLighting":false,"audioPlay":false,"sceneViewState":{"showFog":false,"showMaterialUpdate":false,"showSkybox":false,"showFlares":false,"showImageEffects":false,"showParticleSystems":false},"in2DMode":false,"pivot":{"x":3.545109748840332,"y":-1.3499997854232789,"z":-3.416419506072998},"rotation":{"x":-0.17678727209568025,"y":0.3365895748138428,"z":-0.06449367851018906,"w":-0.9226711392402649},"size":2.3469834327697756,"orthographic":false}