{"cameraMode":{"drawMode":0,"name":"Shaded","section":"Shading Mode"},"sceneLighting":false,"audioPlay":false,"sceneViewState":{"showFog":false,"showMaterialUpdate":false,"showSkybox":false,"showFlares":false,"showImageEffects":false,"showParticleSystems":false},"in2DMode":false,"pivot":{"x":4.044327259063721,"y":-0.9822970628738403,"z":-2.9000539779663088},"rotation":{"x":-0.2136344164609909,"y":0.3217147886753082,"z":-0.07475443929433823,"w":-0.9194114804267883},"size":0.7421063184738159,"orthographic":false}