{"cameraMode":{"drawMode":0,"name":"Shaded","section":"Shading Mode"},"sceneLighting":false,"audioPlay":false,"sceneViewState":{"showFog":false,"showMaterialUpdate":false,"showSkybox":false,"showFlares":false,"showImageEffects":false,"showParticleSystems":false},"in2DMode":false,"pivot":{"x":4.066013813018799,"y":-1.3499997854232789,"z":-3.4028830528259279},"rotation":{"x":-0.237352192401886,"y":0.43258100748062136,"z":-0.11916821449995041,"w":-0.8616058826446533},"size":2.3469836711883547,"orthographic":false}