{"cameraMode":{"drawMode":0,"name":"Shaded","section":"Shading Mode"},"sceneLighting":true,"audioPlay":false,"sceneViewState":{"showFog":false,"showMaterialUpdate":false,"showSkybox":false,"showFlares":false,"showImageEffects":false,"showParticleSystems":false},"in2DMode":false,"pivot":{"x":0.7312361598014832,"y":-0.9136737585067749,"z":1.504004716873169},"rotation":{"x":-0.2774161398410797,"y":-0.3756652772426605,"z":0.11898644268512726,"w":-0.8763307929039002},"size":7.2036452293396,"orthographic":true}