{"cameraMode":{"drawMode":0,"name":"Shaded","section":"Shading Mode"},"sceneLighting":false,"audioPlay":false,"sceneViewState":{"showFog":false,"showMaterialUpdate":false,"showSkybox":false,"showFlares":false,"showImageEffects":false,"showParticleSystems":false},"in2DMode":false,"pivot":{"x":4.044327259063721,"y":-0.9822970628738403,"z":-2.9000539779663088},"rotation":{"x":-0.5867345929145813,"y":0.023550815880298616,"z":-0.01708444394171238,"w":-0.8092879056930542},"size":0.7421063184738159,"orthographic":false}