{"cameraMode":{"drawMode":0,"name":"Shaded","section":"Shading Mode"},"sceneLighting":true,"audioPlay":false,"sceneViewState":{"showFog":false,"showMaterialUpdate":false,"showSkybox":false,"showFlares":false,"showImageEffects":false,"showParticleSystems":false},"in2DMode":false,"pivot":{"x":3.618696689605713,"y":-0.014680037274956704,"z":-1.0982692241668702},"rotation":{"x":-0.08715970814228058,"y":0.18449455499649049,"z":-0.01642845943570137,"w":-0.9788368940353394},"size":6.514714241027832,"orthographic":false}