{"cameraMode":{"drawMode":0,"name":"Shaded","section":"Shading Mode"},"sceneLighting":true,"audioPlay":false,"sceneViewState":{"showFog":false,"showMaterialUpdate":false,"showSkybox":false,"showFlares":false,"showImageEffects":false,"showParticleSystems":false},"in2DMode":false,"pivot":{"x":916.833984375,"y":769.561767578125,"z":19.598112106323243},"rotation":{"x":-0.19271330535411836,"y":-0.04413585737347603,"z":0.008726613596081734,"w":-0.9803244471549988},"size":911.3829956054688,"orthographic":true}