{"cameraMode":{"drawMode":0,"name":"Shaded","section":"Shading Mode"},"sceneLighting":false,"audioPlay":false,"sceneViewState":{"showFog":false,"showMaterialUpdate":false,"showSkybox":false,"showFlares":false,"showImageEffects":false,"showParticleSystems":false},"in2DMode":false,"pivot":{"x":3.8876328468322756,"y":-1.3499997854232789,"z":-3.0080978870391847},"rotation":{"x":-0.08715970814228058,"y":0.18449455499649049,"z":-0.01642845943570137,"w":-0.9788368940353394},"size":2.3469836711883547,"orthographic":false}